provider_id,display_name,tier
p_001,Provider 001,head
p_002,Provider 002,head
p_003,Provider 003,head
p_004,Provider 004,head
p_005,Provider 005,head
p_006,Provider 006,head
p_007,Provider 007,head
p_008,Provider 008,head
p_009,Provider 009,head
p_010,Provider 010,head
p_011,Provider 011,head
p_012,Provider 012,head
p_013,Provider 013,head
p_014,Provider 014,head
p_015,Provider 015,head
p_016,Provider 016,tail
p_017,Provider 017,tail
p_018,Provider 018,tail
p_019,Provider 019,tail
p_020,Provider 020,tail
p_021,Provider 021,tail
p_022,Provider 022,tail
p_023,Provider 023,tail
p_024,Provider 024,tail
p_025,Provider 025,tail
p_026,Provider 026,tail
p_027,Provider 027,tail
p_028,Provider 028,tail
p_029,Provider 029,tail
p_030,Provider 030,tail
p_031,Provider 031,tail
p_032,Provider 032,tail
p_033,Provider 033,tail
p_034,Provider 034,tail
p_035,Provider 035,tail
p_036,Provider 036,tail
p_037,Provider 037,tail
p_038,Provider 038,tail
p_039,Provider 039,tail
p_040,Provider 040,tail
p_041,Provider 041,tail
p_042,Provider 042,tail
p_043,Provider 043,tail
p_044,Provider 044,tail
p_045,Provider 045,tail
p_046,Provider 046,tail
p_047,Provider 047,tail
p_048,Provider 048,tail
p_049,Provider 049,tail
p_050,Provider 050,tail
